<?xml version="1.0" encoding="UTF-8"?>
<ksdk:examples xmlns:ksdk="http://nxp.com/ksdk/2.0/ksdk_manifest_v3.0.xsd" xmlns:xsi="http://www.w3.org/2001/XMLSchema-instance" xsi:schemaLocation="http://nxp.com/ksdk/2.0/ksdk_manifest_v3.0.xsd manifest.xsd">
  <externalDefinitions>
    <definition extID="com.nxp.mcuxpresso"/>
    <definition extID="component.lists.MKE06Z4"/>
    <definition extID="component.serial_manager.MKE06Z4"/>
    <definition extID="component.serial_manager_uart.MKE06Z4"/>
    <definition extID="component.uart_adapter.MKE06Z4"/>
    <definition extID="device.MKE06Z4_CMSIS.MKE06Z4"/>
    <definition extID="device.MKE06Z4_startup.MKE06Z4"/>
    <definition extID="platform.Include_common.MKE06Z4"/>
    <definition extID="platform.Include_core_cm0plus.MKE06Z4"/>
    <definition extID="platform.Include_dsp.MKE06Z4"/>
    <definition extID="platform.drivers.clock.MKE06Z4"/>
    <definition extID="platform.drivers.common.MKE06Z4"/>
    <definition extID="platform.drivers.gpio_1.MKE06Z4"/>
    <definition extID="platform.drivers.i2c.MKE06Z4"/>
    <definition extID="platform.drivers.port_ke06.MKE06Z4"/>
    <definition extID="platform.drivers.uart.MKE06Z4"/>
    <definition extID="platform.utilities.assert.MKE06Z4"/>
    <definition extID="platform.utilities.misc_utilities.MKE06Z4"/>
    <definition extID="utility.debug_console.MKE06Z4"/>
    <definition extID="iar"/>
    <definition extID="mdk"/>
    <definition extID="armgcc"/>
    <definition extID="mcuxpresso"/>
  </externalDefinitions>
  <example id="frdmke06z_i2c_read_accel_value_transfer" name="i2c_read_accel_value_transfer" category="driver_examples/i2c" dependency="platform.drivers.i2c.MKE06Z4 platform.drivers.clock.MKE06Z4 platform.drivers.common.MKE06Z4 device.MKE06Z4_CMSIS.MKE06Z4 utility.debug_console.MKE06Z4 component.uart_adapter.MKE06Z4 component.serial_manager.MKE06Z4 component.lists.MKE06Z4 component.serial_manager_uart.MKE06Z4 platform.drivers.uart.MKE06Z4 device.MKE06Z4_startup.MKE06Z4 platform.drivers.port_ke06.MKE06Z4 platform.drivers.gpio_1.MKE06Z4 platform.utilities.assert.MKE06Z4 platform.Include_core_cm0plus.MKE06Z4 platform.Include_common.MKE06Z4 platform.Include_dsp.MKE06Z4 platform.utilities.misc_utilities.MKE06Z4">
    <projects>
      <project type="com.crt.advproject.projecttype.exe" nature="org.eclipse.cdt.core.cnature"/>
    </projects>
    <toolchainSettings>
      <toolchainSetting id_refs="com.nxp.mcuxpresso">
        <option id="com.crt.advproject.gas.fpu" type="enum">
          <value>com.crt.advproject.gas.fpu.none</value>
        </option>
        <option id="com.crt.advproject.gcc.fpu" type="enum">
          <value>com.crt.advproject.gcc.fpu.none</value>
        </option>
        <option id="com.crt.advproject.c.misc.dialect" type="enum">
          <value>com.crt.advproject.misc.dialect.gnu99</value>
        </option>
        <option id="gnu.c.compiler.option.preprocessor.def.symbols" type="stringList">
          <value>CPU_MKE06Z128VLK4</value>
          <value>PRINTF_ADVANCED_ENABLE=1</value>
          <value>FRDM_KE06Z</value>
          <value>FREEDOM</value>
          <value>SERIAL_PORT_TYPE_UART=1</value>
        </option>
        <option id="gnu.c.compiler.option.optimization.flags" type="string">
          <value>-fno-common</value>
        </option>
        <option id="gnu.c.compiler.option.misc.other" type="string">
          <value>-c  -ffunction-sections  -fdata-sections  -ffreestanding  -fno-builtin</value>
        </option>
        <option id="com.crt.advproject.link.fpu" type="enum">
          <value>com.crt.advproject.link.fpu.none</value>
        </option>
        <option id="gnu.c.link.option.nostdlibs" type="boolean">
          <value>true</value>
        </option>
      </toolchainSetting>
    </toolchainSettings>
    <source path="boards/frdmke06z/driver_examples/i2c/read_accel_value_transfer/armgcc" target_path="MKE06Z4/gcc" type="linker" toolchain="armgcc">
      <files mask="MKE06Z128xxx4_flash.ld"/>
    </source>
    <source path="boards/frdmke06z/driver_examples/i2c/read_accel_value_transfer/iar" target_path="MKE06Z4/iar" type="linker" toolchain="iar">
      <files mask="MKE06Z128xxx4_flash.icf"/>
    </source>
    <source path="boards/frdmke06z/driver_examples/i2c/read_accel_value_transfer/mdk" target_path="MKE06Z4/arm" type="linker" toolchain="mdk">
      <files mask="MKE06Z128xxx4_flash.scf"/>
    </source>
    <source path="boards/frdmke06z/driver_examples/i2c/read_accel_value_transfer" target_path="board" type="c_include">
      <files mask="board.h"/>
      <files mask="clock_config.h"/>
      <files mask="pin_mux.h"/>
    </source>
    <source path="boards/frdmke06z/driver_examples/i2c/read_accel_value_transfer" target_path="board" type="src">
      <files mask="board.c"/>
      <files mask="clock_config.c"/>
      <files mask="pin_mux.c"/>
    </source>
    <source path="boards/frdmke06z/driver_examples/i2c/read_accel_value_transfer" target_path="doc" type="doc" toolchain="iar mdk mcuxpresso armgcc">
      <files mask="readme.txt"/>
    </source>
    <source path="boards/frdmke06z/driver_examples/i2c/read_accel_value_transfer" target_path="source" type="src">
      <files mask="i2c_read_accel_value_transfer.c"/>
    </source>
  </example>
</ksdk:examples>
